{"cameraMode":{"drawMode":0,"name":"Shaded","section":"Shading Mode"},"sceneLighting":true,"audioPlay":false,"sceneViewState":{"m_AlwaysRefresh":false,"showFog":true,"showSkybox":true,"showFlares":true,"showImageEffects":true,"showParticleSystems":true,"showVisualEffectGraphs":true,"m_FxEnabled":true},"in2DMode":false,"pivot":{"x":9.307378768920899,"y":-11.726842880249024,"z":8.757850646972657},"rotation":{"x":0.3199459910392761,"y":0.36281102895736697,"z":-0.13421456515789033,"w":0.8649093508720398},"size":12.627206802368164,"orthographic":false}
﻿{"cameraMode":{"drawMode":0,"name":"Shaded","section":"Shading Mode"},"sceneLighting":true,"audioPlay":false,"sceneViewState":{"m_AlwaysRefresh":false,"showFog":true,"showSkybox":true,"showFlares":true,"showImageEffects":true,"showParticleSystems":true,"showVisualEffectGraphs":true,"m_FxEnabled":true},"in2DMode":false,"pivot":{"x":2.8045918941497804,"y":16.898653030395509,"z":32.20882797241211},"rotation":{"x":0.0005300554330460727,"y":0.9985195994377136,"z":-0.05428208410739899,"w":0.009593691676855088},"size":12.12435531616211,"orthographic":false}