{"cameraMode":{"drawMode":0,"name":"Shaded","section":"Shading Mode"},"sceneLighting":true,"audioPlay":false,"sceneViewState":{"m_AlwaysRefresh":false,"showFog":true,"showSkybox":true,"showFlares":true,"showImageEffects":true,"showParticleSystems":true,"showVisualEffectGraphs":true,"m_FxEnabled":true},"in2DMode":false,"pivot":{"x":2.8045918941497804,"y":16.898653030395509,"z":32.20882797241211},"rotation":{"x":0.0005300554330460727,"y":0.9985195994377136,"z":-0.05428208410739899,"w":0.009593691676855088},"size":12.12435531616211,"orthographic":false}